{"model_name":"lightgbm_model_20251005_113917","model_path":"C:\\Users\\ricar\\Documents\\exoplanet-detection\\specttra-api\\app\\models\\model_20251005_113917\\lightgbm_model.pkl","created_at":"20251005_113917","params":{},"metrics":{"accuracy":0.8207792208,"auc_roc":0.8748208861,"auc_prc":0.8939689443,"recall_planet":0.8828451883,"precision_planet":0.8373015873,"f1_score_planet":0.8594704684}}