{"model_name":"lightgbm_model_20251005_131437","model_path":"\/code\/app\/models\/model_20251005_131437\/lightgbm_model.pkl","created_at":"20251005_131437","params":{"n_estimators":1200,"learning_rate":0.005,"num_leaves":256,"max_depth":8,"feature_fraction":0.9,"bagging_fraction":0.7},"metrics":{"accuracy":0.8155844156,"auc_roc":0.8692325328,"auc_prc":0.8907365305,"recall_planet":0.8870292887,"precision_planet":0.828125,"f1_score_planet":0.8565656566}}