{
    "resultados_cv_melhor_modelo": {
        "Modelo": "LightGBM (Optuna new v3)",
        "Threshold Ótimo": 0.34710830036155926,
        "AUC ROC Média": 0.9008665009737458,
        "AUC PRC Média": 0.9322817090966907,
        "Acurácia Média": 0.8436800064365737,
        "Precisão (Planeta) Média": 0.8468123582954389,
        "Recall (Planeta) Média": 0.9268463730605478,
        "Precisão (Non Planet) Média": 0.8362194878246376,
        "Recall (Non Planet) Média": 0.6899936833956392,
        "F1 (Planeta) Média": 0.8849932363663859,
        "F1 (Non Planet) Média": 0.7559919755826756
    },
    "metricas_globais_teste": {
        "acuracia": 0.8372093023255814,
        "auc_roc": 0.8980337554821145,
        "auc_prc": 0.9281506489757418,
        "recall_planeta": 0.9142312579415502,
        "precisao_planeta": 0.8449794480328832,
        "f1_score_planeta": 0.8782422947818126
    },
    "metricas_por_satelite_teste": {
        "Kepler": {
            "acuracia": 0.8387553041018387,
            "recall_planeta": 0.8931082981715893,
            "precisao_planeta": 0.806861499364676,
            "f1_score_planeta": 0.8477970627503337,
            "auc_roc": 0.9227141865383038
        },
        "TESS": {
            "acuracia": 0.8383733055265902,
            "recall_planeta": 0.9454314720812182,
            "precisao_planeta": 0.8693115519253208,
            "f1_score_planeta": 0.9057750759878419,
            "auc_roc": 0.7865348650814854
        },
        "K2": {
            "acuracia": 0.7948717948717948,
            "recall_planeta": 0.7866666666666666,
            "precisao_planeta": 1.0,
            "f1_score_planeta": 0.8805970149253731,
            "auc_roc": 0.8311111111111111
        }
    }
}